participant_id	second_phase	session_order	APOE_rs429358	APOE_rs7412	APOE_haplotype	PICALM_rs3851179	age	sex	education	learning_deficits	BMI	allergies	drugs	ibuprofen_intake	thyroid_diseases	hypertension	diabetes	other_diseases	smoking_status	coffee_status	dementia_history_parents	BDI	SES	RPM	EHI	NEO_NEU	NEO_EXT	NEO_OPE	NEO_AGR	NEO_CON	AUDIT	MINI-COPE_1	MINI-COPE_2	MINI-COPE_3	MINI-COPE_4	MINI-COPE_5	MINI-COPE_6	MINI-COPE_7	MINI-COPE_8	MINI-COPE_9	MINI-COPE_10	MINI-COPE_11	MINI-COPE_12	MINI-COPE_13	MINI-COPE_14	CVLT_1	CVLT_2	CVLT_3	CVLT_4	CVLT_5	CVLT_6	CVLT_7	CVLT_8	CVLT_9	CVLT_10	CVLT_11	CVLT_12	CVLT_13	leukocytes	erythrocytes	hemoglobin	hematocrit	MCV	MCH	MCHC	RDW-CV	platelets	PDW	MPV	P-LCR	neutrophils	lymphocytes	monocytes	eosinophils	basophils	neutrophils_%	lymphocytes_%	monocytes_%	eosinophils_%	basophils_%	total_cholesterol	cholesterol_HDL	non-HDL_cholesterol	LDL_cholesterol	triglycerides	HSV_r
sub-01	1	1	T/T	C/C	e3/e3	A/A	59	0	3	4	23.37	1	1	1	0	1	0	0	0	3	0	16	34	50	100	12	18	38	39	23	3	3	2.5	1	3	1	0	1.5	1.5	1	0	0.5	0	1	1.5	66	10	16	10	15	15	15	16	3	1	0	16	0	6.1	4.4	13.7	42	95	32	33	12.5	244	14.3	11.8	40.2	3.73	1.6	0.63	0.05	0.02	61.4	26.6	10.4	0.8	0.3	174.3	37.9	136.4	100.48	179.6	1
sub-02	1	1	T/T	C/C	e3/e3	G/A	56	0	3	4	32.66	0	1	1	0	0	0	0	0	1	0	8	33	56	100	14	23	22	29	32	4	1	1	2	2	0.5	0	2	2	2	0	1	0	0.5	0	61	9	15	6	13	14	15	14	4	0	0	15	0	6.15	5.3	15.2	46	87	29	33	12.8	244	12.8	10.7	31.9	3.2	1.9	0.75	0.18	0.1	52.1	30.9	12.2	2.9	1.6	163.4	46.1	117.3	84.56	163.7	1
sub-03	1	0	T/T	C/C	e3/e3	G/A	52	0	3	[0. 1 ]	29.76	1	1	2	0	1	0	0	0	1	0	11	30	52	100	18	26	26	29	36	6	3	2	2	1.5	1.5	0	1.5	1.5	2	1	1.5	0	1	1	46	9	9	6	7	9	7	9	0	2	8	10	2	5.4	4.9	14.8	44	90	30	33.7	12.4	218	14.9	11.2	36	2.79	1.9	0.48	0.11	0.03	52	36.1	9	2.1	0.6	152.9	43.3	109.6	100.88	43.6	1
sub-04	1	0	T/T	C/C	e3/e3	A/A	52	1	3	4	22.15	0	1	0	0	0	0	0	0	1	1	20	23	58	100	36	10	26	35	28	6	2.5	2.5	2	2.5	0	3	1	0.5	2	0.5	0.5	1	1.5	3	70	11	16	8	15	16	15	16	1	1	0	16	0	3.9	4.2	13	41	96	31	31.7	13	275	13.8	11	34.3	1.93	1.4	0.47	0.07	0.03	49.5	35.5	12.1	1.8	0.8	253.8	83.2	170.6	154.3	81.5	0
sub-05	1	0	T/T	C/C	e3/e3	G/A	52	1	3	4	24.38	0	0	0	0	0	0	0	0	0	0	2	31	53	100	13	37	30	32	33	4	2	2.5	2	1.5	1	0	3	2.5	2.5	0.5	2.5	0.5	0	0.5	61	9	15	7	15	14	15	15	6	0	0	15	0	5.7	5.3	16	48	91	30	33.3	12.5	196	11.4	9.9	25	3.21	1.9	0.46	0.07	0.05	56.5	32.9	8.1	1.2	0.9	283.1	66.1	217	188.28	143.6	1
sub-06	1	n/a	T/T	C/C	e3/e3	G/A	51	1	3	4	24.54	n/a	0	3	0	0	0	0	0	1	0	0	38	56	100	7	43	32	44	42	1	3	3	1.5	2	1	0.5	1	1	1	0	1.5	0	0	0	72	12	16	7	16	16	16	16	0	1	0	16	0	5.8	5.3	14.1	44	84	27	31.8	14.6	272	14	11.5	36.5	2.96	2.1	0.47	0.18	0.06	50.9	36.7	8.1	3.1	1	270.2	54.2	216	175.46	202.7	1
sub-07	1	0	T/T	C/C	e3/e3	G/A	57	1	3	4	30.09	1	1	0	0	0	0	1	2	2	0	3	39	58	60	10	31	34	38	41	2	2.5	2	1.5	2.5	0	0	1.5	1.5	2	0	1.5	0	0	0.5	74	12	16	8	15	15	16	15	3	2	0	16	0	3.5	4.7	14.4	44	94	31	32.7	12.6	206	13.6	11.3	35.9	1.84	1.3	0.33	0	0.01	52.1	37.7	9.3	0	0.3	196	79.3	116.7	100.82	79.4	1
sub-08	1	1	T/T	C/C	e3/e3	G/A	52	0	3	4	25.06	0	0	1	0	0	0	0	0	1	0	8	32	50	100	14	32	27	33	33	4	3	3	2.5	3	0	0	1	1.5	1.5	0	1.5	0.5	1	2.5	63	9	14	6	14	14	15	14	0	0	1	16	0	6.6	5.9	18.1	55	93	31	33	12.6	259	17.6	12.4	45.8	3.89	1.8	0.72	0.08	0.06	59.2	27.4	11	1.2	0.9	214.2	43	171.2	147.92	116.4	1
sub-09	1	1	T/T	C/C	e3/e3	G/A	54	1	3	4	21.09	0	1	1	0	0	0	0	0	1	1	8	36	60	50	10	22	24	34	43	4	2	3	1	1	0.5	1.5	0.5	1	1	0	1.5	0	1	1	67	12	15	9	11	14	12	13	0	4	3	15	0	5.5	4.5	12.6	40	88	28	31.5	14.2	371	10.7	9.8	22.6	2.62	2.2	0.51	0.09	0.07	47.5	40.2	9.2	1.6	1.3	194.7	87.7	107	95.12	59.4	1
sub-10	1	1	T/T	C/C	e3/e3	A/A	52	1	3	4	32.95	0	1	2	0	1	0	1	2	2	0	9	32	52	80	15	34	36	36	35	2	3	2.5	2	2	1.5	0.5	2.5	1.5	1.5	2	1.5	0	0.5	1	63	9	14	8	15	14	15	13	2	2	3	16	0	6.3	4.5	10.8	38	83	24	28.8	19	356	14	11.3	35.9	3.78	1.7	0.51	0.2	0.07	60.1	27.3	8.1	3.2	1.1	242.7	43.8	198.9	150.48	242.1	1
